{
  "simpleview": {
    "y_0": 1.0,
    "y_30": 0.998,
    "y_60": 0.6,
    "y_90": 0.6,
    "y_120": 0.6,
    "y_150": 0.986,
    "y_180": 1.0,
    "so3_mean": 0.6033333333333334,
    "so3_std": 0.010624918300339495
  },
  "pointnet": {
    "y_0": 1.0,
    "y_30": 1.0,
    "y_60": 0.8,
    "y_90": 0.6,
    "y_120": 0.634,
    "y_150": 0.98,
    "y_180": 0.8,
    "so3_mean": 0.6673,
    "so3_std": 0.0133
  },
  "dgcnn": {
    "y_0": 1.0,
    "y_30": 0.8,
    "y_60": 0.42,
    "y_90": 0.598,
    "y_120": 0.6,
    "y_150": 0.768,
    "y_180": 0.8,
    "so3_mean": 0.534,
    "so3_std": 0.01275408431313934
  }
}